City_id,Country,City_name,Latitude,Longitude,Temperature,Humidity,Clouding,Windspeed,Date
6534444,IT,Ossuccio,45.97,9.18,57.0,100,20,2.24,1592541225
2944516,DE,Breitenworbis,51.40,10.42,55.0,100,100,3.87,1592541225
4011741,MX,Durango,24.83,-104.83,67.19,56,99,7.27,1592541071
2977878,FR,Saint-Nicolas-des-Biefs,46.06,3.78,53.6,87,75,2.44,1592541226
663128,RO,Vasilaţi,44.29,26.45,63.0,92,100,7.0,1592541226
6359534,ES,Mula,37.99,-1.54,71.01,80,98,1.99,1592541226
333795,ET,Jijiga,9.35,42.80,63.95,76,65,21.68,1592541226
2949562,DE,Beuren,50.10,7.08,53.6,81,75,4.7,1592541226
1684454,PH,Tagdanua,7.20,125.88,89.6,59,20,6.93,1592541227
2737233,PT,Muxagata,40.66,-7.46,52.0,89,0,2.35,1592541227
2761474,AT,Werndorf,46.92,15.49,61.0,93,46,1.12,1592541227
2977456,FR,Saint-Pierre-du-Regard,48.84,-0.55,55.4,93,90,4.7,1592541227
3062640,CZ,Vodochody,50.21,14.40,61.0,87,90,8.05,1592541227
2977130,FR,Saint-Romain-la-Virvée,44.97,-0.40,54.0,100,1,1.12,1592541227
6361719,ES,Dosbarrios,39.85,-3.49,62.6,67,0,5.82,1592541228
1271789,IN,Gajendragarh,15.73,75.98,84.22,56,76,18.14,1592541228
3023224,FR,Coulonges-les-Sablons,48.40,0.90,51.8,100,90,6.93,1592541228
1749659,MY,Pulau Sebang,2.46,102.23,84.2,74,40,4.7,1592541228
6535560,IT,Loreglia,45.91,8.37,57.99,81,54,1.99,1592541229
2979422,FR,Saint-Jacques,49.15,0.23,57.2,93,75,10.29,1592541229
3095057,PL,Kostrzyn nad Odrą,52.59,14.65,62.01,24,97,1.01,1592541229
2800026,BE,Couvin,50.05,4.49,54.0,87,13,6.93,1592541229
3009486,FR,La Ferté-Macé,48.59,-0.36,55.4,93,90,4.7,1592541229
711435,UA,Brylivka,46.42,33.15,66.0,100,73,8.7,1592541229
732591,BG,Cherkovitsa,43.68,24.83,64.4,88,40,4.7,1592541229
6556256,DE,Greifenberg,48.07,11.08,55.0,93,100,12.75,1592541230
2960807,LU,Bech,49.75,6.36,53.6,87,69,6.93,1592541230
4380043,US,Carl Junction,37.18,-94.57,78.8,61,1,8.05,1592541230
5374175,US,Monrovia,34.15,-118.00,66.99,73,0,2.68,1592541230
6438498,FR,Sin-le-Noble,50.37,3.12,55.0,93,57,2.24,1592541230
531483,RU,Malaya Okhta,59.93,30.41,69.8,77,11,4.47,1592541230
6537080,IT,Induno Olona,45.85,8.84,59.0,100,20,2.24,1592541231
1496990,RU,Novokuznetsk,53.76,87.11,63.19,67,78,12.48,1592541231
2018994,RU,Shul'gina,53.40,102.73,59.13,77,100,2.91,1592541231
5397165,US,Sonora,37.98,-120.38,80.01,35,1,4.7,1592541231
608073,KZ,Taskopa,48.85,55.58,76.55,29,0,8.32,1592541232
6550266,DE,Niederreißen,51.10,11.42,54.0,99,100,6.13,1592541232
2819248,DE,Unterkirnach,48.08,8.37,54.0,94,100,1.9,1592541232
2976186,FR,San-Martino-di-Lota,42.73,9.44,64.0,77,16,5.82,1592541232
3980308,MX,Viborillas,20.62,-100.18,68.0,68,27,3.0,1592541232
736083,GR,Kalamaria,40.58,22.95,73.99,64,20,9.17,1592541232
2693524,SE,Lunna,57.46,11.99,66.0,67,16,5.82,1592541233
250461,JO,Ḩayy al Quwaysimah,31.92,35.95,64.4,77,20,10.29,1592541233
300141,TR,Sulusaray,39.99,36.08,59.58,77,56,3.27,1592541233
6440106,FR,Murat-le-Quaire,45.60,2.73,51.8,93,75,2.91,1592541233
4046430,US,Natalia,29.19,-98.86,80.01,62,70,5.99,1592541145
3985504,MX,San Martín Hidalgo,20.44,-103.93,72.0,73,73,0.22,1592541234
3120621,ES,Hospital de Órbigo,42.46,-5.89,41.0,93,11,4.12,1592541234
2857613,DE,Ohnhorst,52.40,10.57,61.0,95,100,1.01,1592541234
2974154,FR,Sotteville,49.54,-1.75,57.99,93,100,11.41,1592541234
6429127,FR,Saint-Donan,48.47,-2.88,53.01,94,88,1.99,1592541235
4864265,US,Laurens,42.85,-94.85,64.99,99,100,8.93,1592541235
3173824,IT,Marzano di Nola,40.90,14.58,68.0,85,0,1.23,1592541235
6450370,FR,Anoye,43.40,-0.13,55.4,93,20,2.24,1592541236
6291253,CH,Kloten / Spitz,47.44,8.59,54.0,100,20,1.12,1592541236
3597966,GT,Conguaco,14.04,-90.03,63.16,100,100,4.23,1592541236
6360163,ES,Villodrigo,42.15,-4.08,51.01,100,0,4.7,1592541236
2517259,ES,Génave,38.43,-2.73,56.91,61,31,3.0,1592541236
2772255,AT,Loretto,47.90,16.52,64.4,68,75,13.87,1592541236
3133425,NO,Uggdal,60.00,5.53,61.0,93,97,11.41,1592541237
725554,BG,Yarebitsa,43.85,27.00,66.0,88,69,1.01,1592541237
6455876,FR,Le Teich,44.63,-1.02,50.0,100,0,2.24,1592541237
6554088,DE,Prath,50.18,7.68,57.0,89,46,4.0,1592541237
7047778,CN,Xiexiang,31.82,118.05,82.0,54,51,3.85,1592541237
7258847,US,Lebanon South,40.33,-76.41,66.99,88,40,4.74,1592541237
5385346,US,Quail Valley,33.71,-117.25,64.4,67,1,9.17,1592541238
3085771,PL,Skomlin,51.17,18.39,63.0,100,61,7.78,1592541238
2990425,FR,Niderviller,48.71,7.11,54.0,100,100,2.24,1592541238
2880117,DE,Laufenselden,50.22,8.00,54.0,93,12,2.3,1592541238
535544,RU,Levashovo,60.10,30.21,69.8,77,30,4.47,1592541238
6534593,IT,Torricella Verzate,45.02,9.17,64.99,79,0,3.42,1592541238
3499450,DO,Los Amaceyes,18.22,-71.12,78.31,78,6,7.18,1592541239
2981126,FR,Saint-Cibard,44.93,-0.02,54.0,100,1,3.36,1592541239
1692214,PH,Quezon,7.73,125.10,88.2,60,59,1.97,1592541239
3177919,IT,Cossombrato,44.99,8.14,59.0,100,0,5.82,1592541239
3095126,PL,Kościerzyna,54.12,17.98,64.0,100,20,1.12,1592541239
736309,GR,Erátyra,40.35,21.52,59.0,51,0,2.24,1592541239
3013921,FR,Hargarten-aux-Mines,49.22,6.61,54.0,99,95,4.61,1592541240
6548299,DE,Neetzow,53.88,13.42,61.0,85,98,8.28,1592541240
2847809,DE,Reuter,47.57,10.13,53.01,86,100,4.12,1592541240
2843803,DE,Rott,47.92,12.09,55.0,78,87,5.3,1592541240
3220852,DE,Landkreis Lichtenfels,50.12,11.12,52.0,98,100,2.39,1592541240
2299236,GH,Kpandae,8.47,-0.01,72.48,92,100,1.23,1592541241
5569157,US,Palo Cedro,40.56,-122.24,82.4,30,1,4.7,1592541241
2881500,DE,Landscheid,49.98,6.77,53.01,100,1,2.84,1592541241
6607801,RU,Filino,56.48,43.88,66.2,59,24,6.71,1592541241
4301732,US,Mount Washington,38.05,-85.55,68.0,78,28,2.42,1592541242
4279154,US,Sedgwick,37.92,-97.42,82.0,44,1,13.87,1592541063
2877102,DE,Lindweiler,51.00,6.89,55.99,93,5,3.36,1592541242
6100761,CA,Pelly Crossing,62.83,-136.58,55.94,81,100,4.07,1592541242
6455417,FR,Le Vésinet,48.90,2.12,57.0,93,72,5.82,1592541242
3591093,GT,Tiquisate,14.28,-91.37,75.52,89,99,4.03,1592541242
6549882,DE,Krauthausen,50.96,10.27,54.0,98,100,3.6,1592541243
7872150,AT,Goldwörth,48.33,14.10,59.0,93,20,3.36,1592541243
1267481,IN,Kāti,17.97,75.90,82.2,70,95,14.63,1592541243
2926304,DE,Flein,49.10,9.21,57.0,95,75,3.6,1592541243
1914636,CN,Zhongping,19.06,110.05,91.54,54,76,9.13,1592541243
3674272,CO,Mountain,13.37,-81.37,81.7,77,81,15.37,1592541244
556653,RU,Lenina,47.11,39.86,73.0,49,79,13.0,1592541244
2908310,DE,Heeren,52.54,11.89,62.01,78,100,9.06,1592541244
6357668,ES,Cádiar,36.93,-3.16,61.0,53,9,1.01,1592541244
6167125,CA,Tobermory,45.25,-81.67,60.4,74,8,4.36,1592541244
5334619,US,Casa Conejo,34.18,-118.94,66.2,72,90,4.7,1592541244
2980687,FR,Sainte-Colombe-en-Auxois,47.43,4.46,50.0,100,43,4.61,1592541244
7285208,CH,Berikon,47.35,8.38,53.01,100,20,1.12,1592541245
2872606,DE,Mechow,53.72,10.80,62.01,66,99,3.76,1592541245
6427371,FR,Périers-sur-le-Dan,49.27,-0.35,55.4,93,90,4.7,1592541245
6539671,IT,Albenga,44.05,8.22,62.6,93,10,17.22,1592541245
6548232,DE,Wedendorf,53.77,11.12,61.0,95,100,4.0,1592541245
2959766,DE,Abtsgmuend,48.90,10.00,57.0,83,90,1.01,1592541245
286239,OM,Sūr Yāl Bū Rashīd,23.88,57.26,90.14,69,33,2.33,1592541245
648228,FI,Leppävirta,62.51,27.94,66.99,82,90,11.41,1592541246
4328435,US,Inniswold,30.40,-91.08,79.0,64,1,4.34,1592541246
5006059,US,Plymouth,42.37,-83.47,71.6,56,1,4.7,1592541044
2668365,SE,Tomelilla,55.54,13.95,59.0,93,75,1.12,1592541246
6324514,GB,Polzeath,50.57,-4.92,54.0,93,100,18.34,1592541246
3131653,NO,Vikøyri,61.09,6.58,62.6,55,94,18.34,1592541247
2774326,AT,Klagenfurt,46.62,14.31,59.0,93,75,2.24,1592541247
3067433,CZ,Prosek,50.12,14.50,61.0,87,90,8.05,1592541247
3025549,FR,Chénelette,46.17,4.49,57.0,92,41,3.13,1592541247
2996146,FR,Mantes-la-Ville,48.97,1.70,55.0,100,48,6.91,1592541247
1274547,IN,Chātakonda,17.55,80.65,81.79,79,100,7.34,1592541248
682812,RO,Căpâlna,46.73,22.10,63.0,100,75,9.17,1592541248
1791583,CN,Weixin,29.76,111.11,77.63,69,92,1.21,1592541248
6555662,DE,Heddesbach,49.48,8.83,57.99,86,64,1.99,1592541248
2924515,DE,Friedrichsholm,54.30,9.43,59.0,87,75,2.53,1592541248
4362743,US,Montgomery Village,39.18,-77.20,71.01,83,90,5.82,1592541249
2965119,IE,Corraun,53.72,-8.77,51.01,99,100,8.01,1592541249
2341355,NG,Gbongan,7.47,4.35,70.84,97,97,0.4,1592541249
6445466,FR,Saint-Vitte-sur-Briance,45.62,1.55,50.0,100,90,3.36,1592541249
3065824,CZ,Slavkov u Brna,49.15,16.88,63.0,82,75,5.82,1592541249
775555,PL,Borki,52.46,21.65,70.0,87,11,1.01,1592541250
2517838,ES,Estación de Vadollano,38.13,-3.56,64.0,50,0,1.99,1592541250
6171515,CA,Tyndall,50.08,-96.66,55.0,89,85,3.0,1592541250
1806177,CN,Jianjun,34.69,108.14,77.0,73,100,13.42,1592541250
4690198,US,Farmers Branch,32.93,-96.90,86.0,45,1,13.87,1592541250
673088,RO,Mirşid,47.23,23.13,64.4,93,90,1.12,1592541251
161616,TM,Balkanabat,39.51,54.37,92.89,11,13,22.15,1592541251
625665,BY,Mogilev,53.91,30.34,64.4,88,68,6.33,1592541251
7630131,CN,Songfengshan,45.40,127.43,75.06,41,42,5.3,1592541251
791890,RS,Čortanovci,45.15,20.02,59.0,100,19,4.7,1592541251
670467,RO,Plopeni,45.07,25.98,61.0,87,61,4.05,1592541251
6439940,FR,Verton,50.40,1.65,59.0,87,90,6.93,1592541252
3313863,IE,Barnaboy,53.32,-7.37,50.0,93,100,7.0,1592541252
8013088,PT,Zibreira,39.49,-8.61,57.99,99,6,1.99,1592541252
2652842,GB,Clifton,52.04,-0.30,57.0,93,90,9.17,1592541252
3193424,HR,Petrijevci,45.61,18.54,59.0,100,21,5.82,1592541252
735497,GR,Lagós,41.45,26.47,68.14,82,100,3.33,1592541252
4977762,US,Sanford,43.44,-70.77,69.8,77,1,5.17,1592541252
527405,RU,Meshchovsk,54.32,35.28,71.89,80,31,2.8,1592541253
4877655,US,Storm Lake,42.64,-95.21,64.4,100,90,9.17,1592541253
725578,BG,Yambol,42.48,26.50,60.8,100,75,4.7,1592541144
1351762,PK,Linju,27.80,66.62,92.57,14,0,7.36,1592541253
3208422,DE,Dohren,52.65,7.58,57.99,100,100,2.08,1592541253
6555786,DE,Kippenheim,48.29,7.82,57.0,100,99,2.24,1592541254
3005076,FR,Le Bourgneuf-la-Forêt,48.16,-0.97,53.6,100,75,4.7,1592541254
1686549,PH,Silang,14.20,121.00,87.01,79,75,10.29,1592541254
3035244,FR,Baleyssagues,44.69,0.16,52.0,100,0,3.36,1592541254
7285012,CH,Aadorf,47.49,8.91,52.0,100,75,2.68,1592541254
1796930,CN,Sandouping,30.82,111.01,77.0,78,92,1.99,1592541254
1800818,CN,Meishan,30.04,103.84,84.2,66,20,6.71,1592541087
3624174,CR,Colima,9.95,-84.08,69.8,100,20,3.36,1592541255
2511936,ES,Rena,39.05,-5.81,55.99,75,0,8.01,1592541255
2661183,CH,Chevenez,47.39,7.00,55.0,94,81,1.99,1592541255
3032896,FR,Beuzeville,49.34,0.34,57.2,93,75,10.29,1592541255
3074031,CZ,Kačice,50.16,13.99,57.99,93,20,8.05,1592541255
2644155,GB,Llanddeusant,51.90,-3.78,55.99,97,98,5.28,1592541256
519447,RU,Novaya Usman',51.64,39.41,73.4,64,51,6.71,1592541256
2909156,DE,Haubinda,50.33,10.63,60.01,99,97,1.01,1592541256
6441062,FR,Villeneuve-la-Rivière,42.70,2.80,61.0,77,40,3.36,1592541256
2976404,FR,Sallaumines,50.42,2.86,55.0,93,31,2.24,1592541256
2872380,DE,Mehrhoog,51.73,6.52,59.0,92,0,6.62,1592541257
3171770,IT,Ovaro,46.48,12.87,61.0,100,20,3.36,1592541257
2464770,TN,Tamerza,34.39,7.94,80.6,44,0,16.11,1592541257
6360022,ES,Cervera de Pisuerga,42.91,-4.51,59.0,85,61,1.99,1592541257
2871342,DE,Michelbach an der Bilz,49.07,9.76,57.0,87,86,5.82,1592541257
1276917,IN,Barkot,30.82,78.20,90.09,18,0,5.44,1592541257
716899,HU,Nyírpazony,47.98,21.80,62.6,93,75,3.36,1592541258
5345624,US,El Cerrito Corona,33.84,-117.52,68.0,68,1,11.41,1592541258
4108091,US,Des Arc,34.98,-91.50,70.0,94,1,4.61,1592541258
3518363,MX,Tlaixpan,18.90,-97.73,68.0,68,60,5.01,1592541258
479512,RU,Uglyanets,51.82,39.60,73.4,64,24,6.71,1592541258
2974775,FR,Servian,43.43,3.30,59.0,76,0,6.93,1592541259
2966245,IE,Belgooly,51.74,-8.49,48.2,81,75,5.82,1592541259
3024993,FR,Chusclan,44.15,4.68,59.0,72,0,5.82,1592541259
4839497,US,Newington,41.70,-72.72,70.0,88,1,6.93,1592541259
1538634,RU,Ozersk,55.76,60.70,63.86,36,54,1.86,1592541259
2922346,DE,Gastriege,53.65,7.72,57.2,93,75,2.24,1592541259
7286090,CH,Hitzkirch,47.22,8.26,53.01,100,75,1.77,1592541259
3130021,ES,Angüés,42.11,-0.15,61.0,87,90,8.05,1592541260
3493022,DO,San Rafael del Yuma,18.43,-68.67,77.0,94,75,5.1,1592541260
5100506,US,Linden,40.62,-74.24,66.2,93,90,4.14,1592541209
2849145,DE,Reichenbach,51.15,14.80,59.0,96,100,5.99,1592541260
2972607,FR,Tignes,45.50,6.92,34.0,91,0,7.0,1592541261
4255948,US,Cloverdale,39.51,-86.79,68.0,77,1,3.36,1592541261
2823776,DE,Tauschwitz,50.63,11.43,55.0,89,100,4.09,1592541261
438392,TR,Uzunkavak,36.35,36.42,73.4,69,40,8.05,1592541261
755775,PL,Wierzchosławice,50.02,20.86,64.0,93,72,6.11,1592541261
652859,FI,Kiiminki,65.17,25.83,62.01,93,20,10.29,1592541261
6430996,FR,Plouénan,48.63,-4.00,53.6,93,75,6.93,1592541262
6537572,IT,Ceglie Messapica,40.64,17.52,69.01,63,0,1.99,1592541262
3056437,HU,Ács,47.71,18.01,62.6,72,90,6.93,1592541262
3086732,PL,Rudy,50.19,18.45,62.01,96,100,1.99,1592541262
2810316,DE,Westerholte,52.50,7.87,64.99,100,90,2.24,1592541262
4998569,US,Lake Linden,47.19,-88.41,70.0,73,20,4.7,1592541189
6535832,IT,Gattico,45.71,8.52,57.99,93,46,3.36,1592541262
3029677,FR,Buchy,49.59,1.36,53.01,100,90,3.36,1592541263
6539617,IT,Sondrio,46.17,9.87,57.0,100,75,1.12,1592541263
7446325,CN,Yangyong,34.65,103.48,65.66,56,82,4.56,1592541263
3116892,ES,Mengamuñoz,40.50,-5.00,50.0,74,0,2.48,1592541263
1731733,PH,Alacaygan,10.84,123.06,83.75,65,100,1.34,1592541263
2656406,GB,Banbury,52.06,-1.34,55.99,98,73,14.23,1592541123
3005112,FR,Le Boulay,49.59,1.05,53.01,100,90,3.36,1592541264
2847639,DE,Rheinfelden,47.57,7.80,57.0,93,99,1.41,1592541264
6615026,FR,Pouilly-lès-Feurs,45.80,4.23,53.01,93,90,3.36,1592541264
1786455,CN,Yishui,35.78,118.63,84.79,38,92,3.15,1592541264
2968620,FR,Villenave-d'Ornon,44.77,-0.54,54.0,100,0,1.12,1592541264
2807275,DE,Wittges,50.59,9.87,54.0,97,74,3.51,1592541264
1696145,PH,Palestina,13.61,123.25,88.47,65,68,5.64,1592541264
1453777,AF,Babasakhib,31.66,65.66,87.8,10,1,6.93,1592541265
770383,PL,Jarocin,50.56,22.32,62.01,93,75,2.24,1592541265
735490,GR,Lakkoma,40.38,23.05,73.99,64,20,9.17,1592541265
1269012,IN,Jhanjhārpur,26.27,86.28,83.52,79,95,17.22,1592541265
788730,XK,Komuna e Leposaviqit,43.12,20.78,59.0,87,75,3.36,1592541265
6443518,FR,Saint-Wandrille-Rançon,49.53,0.77,53.01,100,90,3.36,1592541265
2972742,FR,Thonon-les-Bains,46.37,6.48,55.0,94,51,0.27,1592541265
4758109,US,Fairfax,38.85,-77.31,72.0,73,75,5.82,1592541266
542908,RU,Krasavino,60.96,46.48,64.78,53,84,9.04,1592541266
618344,MD,Fălești,47.57,27.71,66.0,93,94,1.99,1592541266
2962247,IE,Newtownshandrum,52.35,-8.77,44.01,91,92,1.99,1592541266
2510906,ES,Sevilleja de la Jara,39.57,-4.96,61.0,56,0,3.0,1592541266
6616190,FR,Saint-Pardoux-de-Drône,45.23,0.42,48.99,91,17,1.52,1592541266
707752,UA,Horodok,49.16,26.58,66.0,91,99,1.01,1592541267
1168446,PK,Panjgur,26.96,64.09,95.63,12,0,10.83,1592541267
6449016,FR,Beaune-sur-Arzon,45.28,3.82,52.0,93,90,3.36,1592541267
5030670,US,Hopkins,44.92,-93.46,68.0,94,90,3.36,1592541267
6535854,IT,Ceresole Alba,44.80,7.82,59.0,100,0,5.82,1592541206
3122418,ES,Fiscal,42.50,-0.12,59.0,90,82,1.57,1592541267
1804618,CN,Labuleng,35.20,102.52,65.64,54,81,3.29,1592541268
2619693,FO,Hoyvík,62.03,-6.78,48.2,100,81,1.12,1592541268
4698646,US,Hooks,33.47,-94.29,77.0,73,1,5.82,1592541268
5825424,US,Fort Washakie,43.01,-108.88,57.0,47,20,5.82,1592541268
3170013,IT,Pozza di Fassa,46.43,11.69,48.99,81,20,2.24,1592541268
3016338,FR,Génis,45.33,1.16,48.0,96,40,0.98,1592541268
6359850,ES,Xinzo de Limia,42.02,-7.70,48.0,84,10,0.47,1592541269
2654853,GB,Bray,51.50,-0.69,59.0,87,40,10.29,1592541269
2881499,DE,Landscheide,53.92,9.25,62.01,94,98,1.01,1592541269
5125771,US,Manhattan,40.78,-73.97,69.01,93,90,5.46,1592541123
564487,RU,Dubrovka,53.69,33.51,73.4,64,69,4.47,1592541269
3128228,ES,Bercero,41.56,-5.06,50.0,93,0,4.7,1592541270
5992095,CA,Kimmirut,62.85,-69.87,36.16,80,26,7.83,1592541270
1278189,IN,Atraulia,26.33,82.95,88.09,69,99,5.82,1592541270
6439902,FR,Souchez,50.38,2.75,55.0,94,29,7.38,1592541270
2845565,DE,Röhrmoos,48.33,11.45,57.99,89,93,1.99,1592541270
5417258,US,Clifton,39.09,-108.45,68.0,7,1,10.29,1592541270
6535602,IT,San Possidonio,44.89,11.00,63.0,76,0,4.74,1592541271
2519672,ES,Cazorla,37.91,-3.00,60.01,82,17,3.33,1592541271
7279735,IN,Muvattupuzha,9.98,76.57,82.4,83,75,4.07,1592541271
2696059,SE,Lilla Edet,58.13,12.13,62.01,87,37,4.7,1592541271
5926511,CA,Conception Bay South,47.50,-53.00,59.0,100,79,1.99,1592541271
88834,LY,Tūkrah,32.53,20.58,77.94,35,0,1.34,1592541272
2522490,ES,Abengibre,39.22,-1.53,63.0,88,20,5.82,1592541272
527057,RU,Mikhalkovo,55.68,37.43,71.01,83,100,6.71,1592541272
6361955,ES,Castelló de Rugat,38.88,-0.39,68.0,91,94,1.99,1592541272
2320909,NG,Uga Soja,7.71,8.61,73.31,94,100,6.31,1592541272
2533158,MA,Sidi Redouane,34.69,-5.45,57.92,91,0,1.16,1592541273
2609906,RU,Baltiysk,54.65,19.91,66.2,93,0,2.24,1592541273
790319,MK,Gorno Orizari,41.69,21.73,57.2,93,20,3.36,1592541273
865537,GE,Kakheti,41.75,45.72,71.6,60,40,4.7,1592541273
7374646,IQ,Nāḩiyat Alī ash Sharqī,32.12,46.75,104.02,9,0,21.94,1592541273
718516,HU,Köröstarcsa,46.88,21.03,63.0,94,75,1.99,1592541273
3191044,SI,Senovo,46.02,15.48,62.01,82,14,1.12,1592541273
3516102,MX,Tehuipango,18.52,-97.07,54.81,100,76,1.45,1592541274
6824389,CN,Huichang,24.74,102.59,75.99,73,75,8.95,1592541274
2918468,DE,Graben,48.20,10.82,55.0,93,75,11.41,1592541274
3107138,ES,Uterga,42.71,-1.76,51.01,93,20,1.12,1592541274
2805999,DE,Wriezen,52.72,14.13,62.01,24,96,1.01,1592541274
2989022,FR,Ouillon,43.32,-0.23,55.4,93,20,2.24,1592541274
6458917,GB,Sharlston,53.67,-1.41,53.01,98,68,4.92,1592541275
4467732,US,Gastonia,35.26,-81.19,69.8,83,90,3.36,1592541205
2978760,FR,Saint-Lizier,43.00,1.14,57.99,90,92,0.67,1592541275
6613872,FR,Thiron-Gardais,48.32,0.98,51.8,100,90,6.93,1592541275
2896834,DE,Huy-Neinstedt,51.97,10.92,59.0,96,100,4.0,1592541275
2482090,DZ,Sedrata,36.13,7.53,70.72,40,5,3.18,1592541275
7533270,PL,Gmina Sianów,54.22,16.32,59.0,10,5,3.36,1592541276
6534583,IT,Sant'Alessio Con Vialone,45.22,9.23,64.99,79,0,6.04,1592541276
6551678,DE,Ellerbek,53.65,9.87,63.0,93,90,4.7,1592541276
6541913,IT,Battipaglia,40.61,14.99,64.99,63,0,1.99,1592541276
721812,HU,Cseberér,47.13,20.23,63.0,88,72,9.17,1592541276
4300024,US,Masonville,37.67,-87.03,73.4,73,20,2.53,1592541276
3583407,SV,San Pedro Masahuat,13.54,-89.04,77.0,94,40,1.12,1592541276
3109355,ES,Sarsa de Surta,42.32,0.02,59.0,87,90,8.05,1592541277
6359232,ES,Alcobendas,40.54,-3.63,62.01,72,0,3.36,1592541277
1788567,CN,Xincheng,22.70,112.22,89.01,61,100,9.1,1592541047
1814888,CN,Chongxian,26.55,115.34,90.01,63,39,5.44,1592541277
1701891,PH,Manga,17.70,121.86,92.19,58,9,1.9,1592541277
2822118,DE,Tinnum,54.90,8.33,59.0,77,92,4.7,1592541277
3036562,FR,Asnières-sur-Oise,49.13,2.36,57.0,93,53,4.7,1592541277
2509693,ES,Vera,37.24,-1.86,64.99,86,58,1.74,1592541278
543871,RU,Kostroma Oblast,58.50,44.00,63.18,63,69,6.6,1592541278
6433294,FR,Porcieu-Amblagnieu,45.83,5.40,59.0,100,34,2.24,1592541278
6442665,FR,Pruillé-le-Chétif,48.00,0.12,55.4,93,90,3.36,1592541278
4797301,US,Ansted,38.14,-81.10,60.8,100,90,6.93,1592541015
3601833,HN,San Nicolás,15.00,-88.75,70.5,93,100,3.18,1592541278
5733582,US,Jennings Lodge,45.39,-122.61,73.0,44,59,1.01,1592541278
1609379,TH,Krok Phra,15.56,100.07,79.39,85,100,3.44,1592541279
6987036,UA,Rozovy,44.70,34.32,71.28,65,18,1.12,1592541279
664564,RO,Suceveni,46.01,28.02,71.37,72,16,4.79,1592541279
6555068,DE,Martinshöhe,49.37,7.48,54.0,100,1,4.32,1592541279
1817552,CN,Baimasi,30.10,112.52,84.99,64,65,1.34,1592541279
770661,PL,Jadowniki,49.96,20.64,64.0,93,50,5.73,1592541279
1266390,IN,Kodoli,16.88,74.20,79.75,74,99,13.24,1592541279
2339065,NG,Idiroko,6.63,2.73,75.2,100,75,8.05,1592541280
579903,RU,Babkino,56.30,37.70,71.6,78,49,6.71,1592541280
6535257,IT,Cis,46.40,11.00,54.0,93,90,3.2,1592541280
723224,SK,Vinne,48.81,21.97,62.6,93,75,4.47,1592541280
2893978,DE,Kaisten,50.04,10.05,60.01,96,60,4.32,1592541280
3127850,ES,Boñar,42.87,-5.32,43.0,92,32,1.72,1592541280
6548447,DE,Blumenhagen,53.53,13.88,59.0,99,100,7.54,1592541280
7115017,RU,Temernik,47.30,39.74,73.4,49,20,13.42,1592541281
3012654,FR,Arrondissement d'Issoudun,47.00,1.83,53.6,93,20,8.05,1592541281
2853261,DE,Plein,50.03,6.87,53.6,100,1,2.95,1592541281
5814992,US,Wapato,46.45,-120.42,77.0,25,75,2.28,1592541139
7628308,LV,Skrundas Novads,56.66,21.99,66.2,93,16,4.7,1592541281
5120759,US,Highland Mills,41.35,-74.13,69.8,94,5,4.7,1592541281
4376352,US,Bel-Ridge,38.71,-90.33,75.99,58,69,7.7,1592541281
1704620,PH,Mabilao,16.15,120.42,90.72,59,8,5.26,1592541282
2691471,SE,Mölltorp,58.50,14.40,63.0,88,0,4.7,1592541282
6357155,ES,Pedro Muñoz,39.40,-2.92,60.01,90,2,7.0,1592541282
3112570,ES,Quiloño,43.55,-5.97,55.99,93,36,4.7,1592541282
2296458,GH,Kasoa,5.53,-0.42,78.8,88,100,9.17,1592541282
6608780,RU,Karlovo,56.87,43.62,61.0,96,66,6.85,1592541282
3674130,CO,Mutatá,7.24,-76.44,76.23,86,100,1.52,1592541282
3808933,VE,El Perico,7.97,-62.32,75.0,97,100,1.01,1592541283
4844184,US,Thompson,41.96,-71.86,68.0,89,98,5.84,1592541283
5750516,US,Santa Clara,44.10,-123.13,70.0,64,20,5.82,1592541283
686473,RO,Alimpeşti,45.08,23.80,63.68,79,92,2.44,1592541283
2925362,DE,Frauenhofen b. Perkam,48.85,12.43,54.0,10,88,5.84,1592541283
2776583,AT,Heiligenkreuz am Waasen,46.96,15.59,62.01,93,39,1.12,1592541283
2734770,PT,Sanhoane,41.20,-7.80,51.01,8,1,1.01,1592541283
764606,PL,Młodzieszyn,52.30,20.20,64.99,100,40,5.82,1592541284
3021920,FR,Dahlenheim,48.59,7.51,55.99,100,97,2.24,1592541284
3106086,ES,Verín,41.94,-7.44,48.0,84,6,2.24,1592541284
2939704,DE,Crumstadt,49.81,8.51,57.99,93,45,4.29,1592541284
6690805,GB,Elm Park,51.55,0.20,59.0,87,40,8.05,1592541284
726327,BG,Trite Kashti,42.30,23.87,59.0,100,2,3.0,1592541284
2909886,DE,Haselau,53.66,9.62,62.6,88,90,9.17,1592541284
6446192,FR,Ris-Orangis,48.65,2.42,54.0,93,72,3.36,1592541285
2764189,AT,Strass im Zillertal,47.40,11.82,54.0,85,100,1.28,1592541285
6853140,RU,Lesnoy,57.62,63.08,56.37,41,0,4.07,1592541285
558385,RU,Martan-Chu,43.06,45.56,69.8,94,36,2.24,1592541285
4992137,US,Emmet,45.53,-84.92,64.0,87,1,3.36,1592541285
1860648,JP,Kameda-honchō,37.87,139.12,77.0,78,75,9.17,1592541285
3164682,IT,Vasanello,42.41,12.35,59.0,92,0,1.99,1592541286
4995553,US,Hautala Corner,46.52,-90.16,73.4,73,20,10.29,1592541286
2612500,DK,Støvring,56.89,9.84,64.99,89,98,5.3,1592541286
6432403,FR,Saint-Girons-d'Aiguevives,45.15,-0.53,54.0,100,3,1.12,1592541286
6930307,CA,North Sydney,46.21,-60.26,72.0,56,20,13.87,1592541006
611403,GE,Ts'khinvali,42.23,43.97,70.07,61,100,7.81,1592541286
1917201,CN,Lishi,24.23,115.00,89.29,60,85,8.57,1592541286
7285426,CH,Campello,46.50,8.82,57.99,100,75,1.12,1592541286
6443540,FR,Tancarville,49.48,0.47,57.2,93,75,10.29,1592541287
585786,AZ,Quba Rayon,41.17,48.42,64.11,43,71,4.52,1592541287
259819,GR,Nomós Kykládon,37.42,24.92,78.01,57,0,3.36,1592541287
164398,SY,Shaţḩah,35.51,36.24,73.4,78,40,4.7,1592541287
3518023,MX,San Pedro Amatlán,16.32,-96.45,80.01,89,100,1.32,1592541287
2680460,SE,Saltsjöbaden,59.28,18.30,62.01,87,0,6.29,1592541288
7287252,CH,St. Ursen,46.79,7.22,53.01,90,43,2.01,1592541288
4453759,US,Barker Heights,35.31,-82.44,64.99,93,90,0.96,1592541288
8050048,RU,Burninskiye Vikhorya,56.36,101.59,69.8,46,100,8.95,1592541288
1704154,PH,Maddela,16.34,121.68,93.0,51,7,1.68,1592541288
5918580,CA,Cavendish,47.72,-53.48,57.0,16,59,3.0,1592541289
2805761,DE,Wunstorf,52.43,9.42,62.01,93,75,6.93,1592541289
4962596,US,Dixmont,44.68,-69.16,64.99,84,0,4.79,1592541289
2959530,DE,Adelmannsfelden,48.95,10.00,57.0,87,89,5.82,1592541289
240591,CF,Bamingui-Bangoran Prefecture,8.42,20.67,68.77,97,92,6.6,1592541289
3017475,FR,Fourques-sur-Garonne,44.45,0.16,52.0,92,2,0.45,1592541289
2661312,CH,Bursinel,46.44,6.31,54.0,100,75,2.24,1592541290
2989588,FR,Olloix,45.62,3.05,51.8,93,75,2.93,1592541290
7873399,AT,Gössendorf,47.00,15.48,62.01,93,43,1.12,1592541290
2871868,DE,Menzenberg,50.63,7.25,57.99,72,23,10.0,1592541290
1998318,CN,Yuchu,34.50,109.06,80.01,73,99,13.42,1592541290
6552914,DE,Rastdorf,52.90,7.70,57.99,100,100,3.0,1592541291
3191397,RS,Ruski Krstur,45.56,19.42,61.0,100,13,5.82,1592541291
7602411,DE,Schmißberg,49.67,7.20,53.6,87,1,5.82,1592541291
1517305,KZ,Yavlenka,54.35,68.46,51.8,66,40,13.42,1592541291
6449039,FR,Chaspinhac,45.08,3.95,51.8,93,90,3.36,1592541291
2335500,NG,Kajuru,10.32,7.69,67.96,95,69,4.29,1592541291
4560577,US,Quarryville,39.90,-76.16,66.99,88,12,1.01,1592541292
1465868,IN,Vengavasal,12.90,80.17,93.2,49,40,11.41,1592541292
2853049,DE,Podewall,53.62,13.28,61.0,96,98,7.85,1592541292
2362006,BF,Province du Boulgou,11.50,-0.50,76.64,79,100,8.05,1592541292
616474,AM,Lerrnavan,40.79,44.16,57.2,71,40,13.87,1592541292
3176428,IT,Gagliano Aterno,42.13,13.70,60.01,93,0,2.24,1592541293
3063131,CZ,Velký Šenov,50.99,14.37,59.0,92,100,4.0,1592541293
6962594,CN,Nanwai,31.20,107.50,85.89,63,50,6.44,1592541293
3109680,ES,Santa Susanna,41.63,2.72,61.0,100,9,5.01,1592541293
5439752,US,Southglenn,39.59,-104.95,57.99,58,90,5.82,1592541293
3178269,IT,Colonna,41.83,12.75,60.8,67,1,3.36,1592541294
555100,RU,Ivantsëvo,55.53,39.27,66.79,67,0,6.29,1592541294
2177451,AU,Avoca Beach,-33.47,151.43,66.0,75,3,9.95,1592541294
2161969,AU,Kamarooka,-36.47,144.33,59.0,67,47,1.99,1592541294
3472338,BR,Américo Brasiliense,-21.72,-48.10,58.08,92,45,4.0,1592541294
7839596,AU,Kulin,-32.77,118.77,56.14,52,0,5.66,1592541294
7380188,ID,Aeteke,-8.80,121.98,83.91,61,51,5.17,1592541295
3450950,BR,Romelândia,-26.68,-53.31,70.0,69,27,5.88,1592541295
2174559,AU,Bothwell,-42.38,147.00,50.0,87,100,4.0,1592541295
3449939,BR,Santana do Garambéu,-21.60,-44.10,50.31,92,95,2.53,1592541295
3843123,AR,Neuquén,-38.95,-68.06,51.8,62,71,13.87,1592541295
7087266,ID,Banjar Danginsema,-8.45,115.62,84.2,74,40,20.8,1592541295
6322585,BR,São Sebastião,-23.76,-45.60,57.2,82,98,4.7,1592541296
2178971,NZ,Woodlands,-46.37,168.55,39.0,83,0,3.0,1592541296
1626703,ID,Soe,-9.86,124.28,75.54,70,35,11.68,1592541296
2167699,AU,Eglinton,-33.38,149.55,54.0,82,23,3.94,1592541296
2176292,AU,Bellingham,-41.02,147.17,59.0,82,100,5.44,1592541296
3932589,PE,Pedregal,-13.45,-76.13,64.4,77,90,6.93,1592541296
3456827,BR,Monte Mor,-22.95,-47.32,64.4,68,75,3.36,1592541296
7574306,ID,Potet,-8.68,122.31,80.82,70,28,8.16,1592541297
996256,ZA,Hluhluwe,-28.02,32.27,56.66,87,94,6.85,1592541297
8068130,ID,Jolotundo,-6.70,111.45,88.36,57,98,5.79,1592541297
2176212,AU,Benarkin,-26.88,152.13,68.0,52,75,11.41,1592541297
2143954,AU,West Pymble,-33.77,151.13,66.99,63,3,1.01,1592541297
2176853,AU,Baringhup,-36.98,143.97,59.0,67,71,1.99,1592541297
2155647,AU,Navarre,-36.90,143.10,61.99,55,1,18.01,1592541297
2156273,AU,Munbura,-21.33,149.15,75.0,73,45,16.11,1592541298
8059636,ID,Manis Subang,-7.13,108.53,79.61,81,100,5.26,1592541298
2173220,AU,Buninyong,-37.67,143.92,63.0,65,50,5.01,1592541298
8080480,ID,Sendangagung,-6.90,112.35,86.59,61,49,1.21,1592541298
7337763,ID,Baraiwena,-8.82,121.60,84.87,62,39,7.96,1592541298
7852126,ID,Puncakdago,-7.09,106.74,77.72,86,100,7.34,1592541298
3468100,BR,Caldas Novas,-17.74,-48.62,61.2,80,81,5.5,1592541298
2146798,AU,Thora,-30.43,152.78,66.0,68,75,8.05,1592541299
8028845,ID,Pamekaran,-7.11,108.24,77.36,80,100,4.63,1592541299
7375664,ID,Laban,-8.14,113.20,83.23,71,52,9.64,1592541299
3933185,PE,Pampas,-12.40,-74.90,49.66,74,89,2.64,1592541299
7406680,ID,Krajan Ledokombo,-8.12,113.86,82.53,62,59,4.81,1592541299
7848353,ID,Cijagra,-7.50,107.84,72.36,92,100,5.44,1592541150
3658396,EC,Echeandía,-1.43,-79.27,70.16,86,97,1.97,1592541299
3460450,BR,Jaboticatubas,-19.51,-43.74,55.4,87,16,3.36,1592541300
1647387,ID,Campaka,-7.03,107.13,74.41,88,100,2.19,1592541300
2177756,AU,Ararat,-37.28,142.93,59.36,61,1,19.73,1592541300
204953,CD,Tshikapa,-6.42,20.80,62.04,54,94,2.53,1592541300
972138,ZA,Nancefield,-26.30,27.92,39.0,86,0,2.24,1592541300
933186,BW,Orapa,-21.28,25.37,43.99,90,0,7.74,1592541300
2165641,AU,Gidginbung,-34.33,147.47,62.01,70,60,3.0,1592541300
3467760,BR,Campo Formoso,-10.51,-40.32,64.17,95,67,8.55,1592541301
3842591,AR,Ordoqui,-35.88,-61.16,45.0,85,0,1.01,1592541301
3445942,BR,Tupã,-21.93,-50.51,63.41,77,75,4.72,1592541153
7839145,MW,Songwe,-14.08,34.93,65.66,80,59,16.11,1592541301
3437982,PY,Independencia,-25.72,-56.25,72.03,73,87,4.68,1592541301
8076211,ID,Cigintung,-7.37,108.80,81.72,82,98,5.39,1592541302
3845263,AR,Maggiolo,-33.72,-62.25,50.16,62,63,9.55,1592541302
1634273,ID,Nebe,-8.47,122.56,86.4,59,0,10.31,1592541302
3455729,BR,Ourinhos,-22.98,-49.87,61.47,87,100,2.8,1592541302
3450872,BR,Rosário Oeste,-14.84,-56.43,72.5,65,71,6.2,1592541302
979330,ZA,Manor Gardens,-29.87,30.98,55.0,76,3,2.24,1592541302
3855069,AR,General Racedo,-31.98,-60.41,52.0,96,32,1.99,1592541303
3861958,AR,Cevil Redondo,-26.78,-65.28,48.2,76,59,5.82,1592541303
3462419,BR,Giruá,-28.03,-54.35,69.8,83,20,11.41,1592541303
7759642,ID,Dahu Satu,-6.74,105.80,83.08,80,100,11.36,1592541303
1646448,ID,Cimahi,-6.87,107.54,79.81,70,100,3.42,1592541303
6322267,BR,Guarujá,-23.96,-46.23,70.0,93,96,1.01,1592541304
3465764,BR,Conceição das Alagoas,-19.91,-48.39,64.6,71,33,6.69,1592541304
3443861,UY,Anastasia,-33.22,-54.38,51.57,94,90,6.22,1592541304
1633468,ID,Pabuaran,-6.20,106.07,86.0,79,75,4.7,1592541304
3388145,BR,São Raimundo Nonato,-9.02,-42.70,70.09,78,0,4.56,1592541304
3401457,BR,Cruz do Espírito Santo,-7.14,-35.09,72.12,95,21,6.33,1592541304
7739683,BR,Sítio Santa Joana,-23.04,-50.09,61.65,89,100,3.11,1592541304
2073400,AU,Culburra,-35.82,139.97,56.97,61,62,9.78,1592541305
1016670,ZA,Botshabelo,-29.27,26.71,26.6,92,0,2.24,1592541305
3453659,BR,Piracanjuba,-17.30,-49.02,61.72,78,92,7.29,1592541305
7081656,ID,Dawuhan,-8.17,112.13,82.69,72,43,17.36,1592541305
2150124,AU,Scarsdale,-37.65,143.67,62.01,65,45,5.01,1592541305
2173557,AU,Bulahdelah,-32.42,152.22,66.0,71,25,5.61,1592541305
7839677,AU,Latrobe,-41.22,146.41,59.0,67,100,1.99,1592541306
2160588,AU,Langshaw,-26.30,152.57,64.99,91,51,4.0,1592541306
7414991,ID,Tado,-8.70,120.60,76.21,77,70,5.68,1592541306
2174892,AU,Bonville,-30.38,153.07,66.0,68,75,8.05,1592541306
7333639,ID,Banjar Penyalin,-8.53,115.11,84.2,74,40,20.8,1592541306
2145646,AU,Tyaak,-37.22,145.13,59.0,86,93,3.0,1592541306
175967,ZM,Mporokoso,-9.37,30.12,53.35,79,30,8.3,1592541031
2172768,AU,Calen,-20.90,148.77,75.2,57,47,18.34,1592541307
7839480,AU,Capel,-33.53,115.62,61.0,57,30,2.24,1592541307
2174610,AU,Boree Creek,-35.12,146.62,62.6,67,90,10.29,1592541307
2176838,AU,Barkly,-36.93,143.20,61.29,57,3,17.87,1592541307
2142447,AU,Yarrawonga,-36.02,146.00,57.2,76,79,9.17,1592541307
2159729,AU,Logan Village,-27.77,153.10,66.99,72,53,8.55,1592541307
2177402,AU,Babinda,-17.35,145.92,77.0,69,75,12.75,1592541307
3458362,BR,Luisburgo,-20.44,-42.10,53.37,92,24,2.91,1592541308
3873116,CL,Río Negro,-40.78,-73.23,48.2,87,10,9.17,1592541308
3832795,AR,Villa Bustos,-29.28,-67.02,53.76,37,58,3.74,1592541308
958724,ZA,Rustenburg,-25.67,27.24,43.61,68,0,1.45,1592541308
2145436,AU,Upper Natone,-41.25,145.90,59.0,71,100,8.01,1592541308
160950,TZ,Bukonyo,-1.95,32.93,62.6,72,20,11.74,1592541308
7848517,ID,Sukarama,-7.37,106.98,82.71,77,99,15.1,1592541309
3392425,BR,Pedro Velho,-6.44,-35.22,73.4,94,75,5.82,1592541309
3405993,BR,Batalha,-9.68,-37.12,65.91,93,2,3.29,1592541309
1011951,ZA,Danabaai,-34.20,22.04,64.4,36,0,10.29,1592541309
3448879,BR,São João del Rei,-21.14,-44.26,52.54,88,80,3.11,1592541309
1621547,ID,Winduasri,-7.14,108.73,74.57,92,100,5.28,1592541310
2145815,AU,Turners Marsh,-41.27,147.13,59.0,76,100,3.36,1592541310
2165905,AU,Garah,-29.07,149.63,69.8,37,0,5.82,1592541310
3468869,BR,Bueno Brandão,-22.44,-46.35,52.11,91,63,4.9,1592541178
8067867,ID,Kalangan,-6.94,111.37,87.57,59,82,8.05,1592541310
3431777,AR,Las Garcitas,-26.58,-59.80,62.01,72,53,1.99,1592541310
7779981,ID,Tangkil,-6.32,105.85,85.03,70,100,3.62,1592541311
2176495,AU,Beaudesert,-27.98,152.98,66.99,72,33,6.31,1592541311
6767855,ID,Pakuncen,-5.95,106.07,86.0,79,75,4.7,1592541332
7036331,ID,Gotak,-7.11,111.74,88.97,56,73,9.13,1592541333
3898880,CL,Balmaceda,-45.92,-71.68,41.0,80,75,6.93,1592541333
3444851,BR,Xambrê,-23.74,-53.49,65.7,82,0,8.43,1592541333
7839618,AU,Nannup,-34.13,115.67,59.0,74,27,1.7,1592541333
7335964,ID,Selat,-8.58,116.21,84.2,70,75,18.34,1592541333
7839838,AU,Yarriambiack,-36.03,142.40,66.15,42,0,16.89,1592541333
8067464,ID,Manis Karangtengah,-7.03,108.57,83.73,70,100,6.42,1592541334
2078313,AU,Eaton,-33.32,115.72,61.0,56,7,2.28,1592541334
2165995,AU,Fyshwick,-35.33,149.17,59.0,62,40,14.99,1592541334
1637479,ID,Lodoyo,-8.16,112.22,83.7,68,43,15.95,1592541334
3363901,ZA,Mowbray,-33.95,18.47,69.8,30,0,18.34,1592541334
155093,TZ,Makungu,-8.73,35.28,58.96,84,61,3.62,1592541334
3462535,BR,Gaspar,-26.93,-48.96,66.0,99,36,2.82,1592541334
2152240,AU,Quirindi,-31.52,150.68,64.4,52,0,6.93,1592541335
3865375,AR,Arrufó,-30.23,-61.73,48.99,98,58,3.0,1592541335
8080507,ID,Blumbang,-6.97,112.31,90.12,55,52,1.19,1592541335
3466386,BR,Cervinho,-22.60,-50.45,62.55,80,98,4.21,1592541335
2173928,AU,Brogo,-36.53,149.83,63.0,67,51,6.93,1592541335
3400568,BR,Estremo,-7.80,-38.28,63.14,96,24,4.61,1592541335
3833094,AR,28 de Noviembre,-51.65,-72.30,28.65,96,37,1.16,1592541336
7036581,ID,Baron,-7.01,112.45,90.63,53,41,2.75,1592541336
6829676,ID,Tlogosari,-8.00,113.94,84.45,51,43,2.64,1592541336
1646019,ID,Citundun,-7.11,108.62,80.73,78,100,5.5,1592541336
8068703,ID,Sendangmulyo,-6.64,111.55,86.61,60,98,5.88,1592541336
3398007,BR,Isaías Coelho,-7.74,-41.68,71.51,82,0,7.11,1592541336
2176531,AU,Bealiba,-36.80,143.55,59.0,82,14,1.99,1592541336
900601,ZM,Northern Province,-11.00,31.00,52.48,86,0,2.8,1592541337
3456688,BR,Morro do Pilar,-19.22,-43.38,54.95,90,12,0.94,1592541337
7920554,ID,Sadang Kulon,-7.19,107.97,73.44,85,100,4.36,1592541337
7839733,AU,Hurstville,-33.97,151.08,66.99,59,20,5.82,1592541337
8028765,ID,Desa Borogojol,-7.04,108.18,74.59,83,100,5.06,1592541337
3845666,AR,Los Quirquinchos,-33.38,-61.71,46.0,90,26,3.0,1592541337
1632728,ID,Krajan Pangkah Kulon,-6.92,112.55,86.9,60,45,1.92,1592541338
8076902,ID,Sukasari,-7.23,108.86,80.28,81,100,4.43,1592541338
3929403,PE,San Miguel,-13.01,-73.98,51.46,71,24,4.85,1592541338
7350551,ID,Karangsari,-8.23,113.26,82.47,77,64,11.77,1592541338
2173901,AU,Bromelton,-27.98,152.93,66.99,72,31,6.2,1592541338
2172295,AU,Carlsruhe,-37.28,144.50,51.01,90,97,5.01,1592541338
8140969,ID,Sukodono,-6.96,112.46,88.74,56,44,2.46,1592541339
2145439,AU,Upper Myall,-32.30,152.17,66.0,70,18,4.9,1592541339
7116865,AR,Cariló,-37.17,-56.89,48.0,92,16,1.99,1592541339
3393692,BR,Olho d’Agua,-2.88,-39.95,77.54,85,0,12.82,1592541339
2161291,AU,Kin Kin,-26.27,152.88,64.99,91,55,4.0,1592541339
955313,ZA,Siyabuswa,-25.11,29.04,43.5,78,0,4.14,1592541339
7411677,ID,Malulla,-9.63,119.25,82.67,68,20,12.8,1592541339
1020605,ZA,Bedelia,-27.98,26.71,40.53,74,0,6.53,1592541339
933862,BW,Botlhapatlou,-24.03,25.49,42.13,65,0,5.73,1592541340
3843392,AR,Navarro,-29.18,-63.22,52.5,71,59,4.59,1592541340
7375287,ID,Panggungwinong,-8.24,112.29,81.34,73,52,18.16,1592541340
2174838,AU,Boolarra,-38.38,146.27,66.0,62,65,5.01,1592541058
2159130,AU,Maffra West Upper,-37.90,146.85,66.0,44,69,5.01,1592541340
1647008,ID,Cibeuti,-7.39,108.19,77.14,86,99,3.27,1592541340
1965930,ID,Pamotan,-8.20,112.73,80.04,71,32,9.6,1592541340
2158867,AU,Manly,-33.80,151.29,66.99,59,20,5.82,1592541244
3919813,BO,Colomi,-17.35,-65.87,48.2,42,83,3.36,1592541341
7914018,ID,Ciandum,-7.74,108.00,80.73,82,76,12.1,1592541341
3862395,AR,Casalegno,-32.26,-61.13,48.99,96,19,6.64,1592541341
2163037,AU,Hotspur,-37.93,141.57,61.43,52,1,10.16,1592541341
877384,TZ,Tingi,-11.30,35.03,56.53,92,12,4.23,1592541341
152497,TZ,Muriti,-1.98,32.92,62.6,72,20,11.61,1592541341
3877251,CL,Papudo,-32.51,-71.44,54.97,66,84,4.92,1592541342
933044,BW,South-East District,-25.00,25.75,35.6,68,0,2.24,1592541342
3881046,CL,Máfil,-39.65,-72.95,51.8,87,20,5.82,1592541342
943951,ZA,Villa Maria,-29.58,30.57,55.0,76,7,2.24,1592541342
921889,KM,Fomboni,-12.28,43.74,78.48,75,1,23.04,1592541342
3471848,BR,Aracruz,-19.82,-40.27,66.0,100,11,2.24,1592541342
2154176,AU,Ormiston,-27.52,153.25,68.0,81,46,3.0,1592541342
7081604,ID,Klampok,-8.13,112.16,83.82,68,40,15.55,1592541343
2185506,NZ,Opotiki District,-38.00,177.28,60.01,92,12,8.99,1592541343
3458778,BR,Laranjeiras,-10.81,-37.17,78.8,65,40,9.17,1592541343
198442,KE,Embakasi,-1.30,36.92,57.2,93,75,5.82,1592541343
2156677,AU,Mount David,-33.82,149.58,59.0,60,34,4.92,1592541343
2148337,AU,Stockinbingal,-34.50,147.88,62.01,70,52,3.0,1592541247
8022713,ID,Cimawate,-7.42,108.18,77.16,86,98,3.29,1592541344
7084278,ID,Olehsari,-8.22,114.32,79.57,78,74,7.16,1592541344
2146142,AU,Townsville,-19.25,146.80,79.0,57,20,19.46,1592541148
2160922,AU,Kurri Kurri,-32.82,151.48,68.0,70,2,2.84,1592541065
3472442,BR,Alto Paraguai,-14.51,-56.48,72.95,65,78,6.33,1592541344
1627035,ID,Simpang,-1.27,104.08,86.76,64,100,5.86,1592541344
8071179,ID,Tempel,-6.98,111.50,87.15,58,79,5.57,1592541344
3443697,UY,Baltasar Brum,-30.71,-57.33,50.2,94,73,8.93,1592541344
2206089,AU,Sandy Bay,-42.91,147.35,51.8,76,100,3.36,1592541345
7839836,AU,Wyndham,-37.89,144.64,62.6,63,51,20.8,1592541176
8056435,ID,Krajan Kedungsari,-6.57,111.04,88.61,57,98,8.43,1592541345
2150200,AU,Saumarez,-30.55,151.58,54.0,58,4,4.0,1592541345
2566971,CG,Makabandilou,-4.21,12.67,67.23,94,71,2.95,1592541345
2145338,AU,Valla Beach,-30.60,152.98,66.0,68,75,8.05,1592541345
3459830,BR,João de Melo,-20.40,-46.23,55.92,89,47,1.34,1592541345
6373749,ID,Tipar,-7.51,109.15,83.17,77,99,8.55,1592541346
3844687,AR,Matorrales,-31.72,-63.51,51.26,54,98,11.9,1592541346
2059837,AU,Tumby Bay,-34.38,136.08,62.22,56,13,20.56,1592541346
6951335,AU,Forresters Beach,-33.41,151.48,66.99,75,2,1.99,1592541064
3437086,PY,San Joaquín,-24.95,-56.12,72.07,71,93,6.78,1592541346
2171594,AU,Chinderah,-28.23,153.55,70.0,72,75,11.41,1592541346
7839750,AU,Marrickville,-33.91,151.16,66.99,59,20,5.82,1592541346
7565022,ID,Waikambila,-9.53,119.67,83.44,53,10,12.71,1592541347
7083896,ID,Krajan,-8.38,114.11,78.57,83,83,7.29,1592541347
7034542,ID,Sambirejo,-8.15,111.95,82.17,75,52,17.07,1592541347
8060787,ID,Ngotet Kidul,-6.73,111.36,88.99,57,97,7.11,1592541347
6597903,ID,Pabaton,-6.59,106.79,93.0,70,40,2.48,1592541347
7038003,ID,Wiyayu Barat,-8.29,114.22,77.72,85,81,5.86,1592541347
1000065,ZA,Greenwood Park,-29.78,31.02,55.0,76,4,2.24,1592541347
986820,ZA,Krugersdorp West,-26.10,27.75,39.0,86,0,2.24,1592541348
6206253,NZ,Arrowtown,-44.94,168.81,35.83,82,0,0.27,1592541348
3949222,PE,Los Blancos,-16.33,-71.59,52.97,53,0,0.56,1592541348
7915041,ID,Nangkapayung,-7.46,107.92,71.94,93,99,4.45,1592541348
2078132,CX,Drumsite,-10.43,105.68,78.8,74,40,18.34,1592541348
2171061,AU,Colbinabbin West,-36.58,144.73,60.01,67,74,1.99,1592541349
934459,MU,Grand Sable,-20.31,57.76,73.0,73,75,14.99,1592541349
7086299,ID,Denggen Daya,-8.67,116.51,84.2,70,75,18.34,1592541349
2161028,AU,Kotta,-36.20,144.53,60.01,74,51,15.64,1592541349
927834,MW,Liwonde,-15.05,35.20,61.56,83,89,6.62,1592541349
7405984,ID,Sengguruhkrajan,-8.17,112.55,82.11,67,49,10.94,1592541349
6690287,RE,Entre-Deux,-21.23,55.47,71.6,64,90,19.46,1592541191
8052139,ID,Malausma Kidul,-7.04,108.25,77.43,78,100,5.37,1592541350
3834514,AR,Teniente Origone,-39.06,-62.57,56.46,40,62,21.0,1592541350
8057042,ID,Sumanding,-7.51,108.62,80.24,87,97,6.53,1592541350
2066041,AU,Modbury,-34.83,138.68,62.01,54,87,13.87,1592541350
949026,ZA,Thulamahashi,-24.72,31.20,51.8,27,40,3.36,1592541350
2172388,AU,Carabost,-35.60,147.72,57.2,76,75,9.17,1592541350
3694183,PE,Pacanga,-7.17,-79.50,64.47,79,31,7.58,1592541350
7839680,AU,Northern Midlands,-41.88,147.46,60.01,76,100,3.36,1592541351
7036006,ID,Ngori,-7.24,111.55,88.25,59,65,5.97,1592541351
7035787,ID,Ngraho,-7.17,111.50,87.85,59,67,5.3,1592541351
3433753,AR,Gobernador Virasora,-28.05,-56.03,65.84,96,93,1.45,1592541107
7780886,ID,Talaga,-6.32,106.00,84.87,68,100,2.71,1592541351
7765995,ID,Tegalpapak,-6.44,105.83,85.12,70,100,4.52,1592541351
7407497,ID,Trigonco Tengah,-7.75,114.22,91.06,48,55,1.1,1592541351
2164359,AU,Gulf Creek,-30.18,150.70,66.0,45,0,1.01,1592541352
7035119,ID,Selorejo,-8.14,112.43,82.92,66,47,11.81,1592541352
2059047,AU,Waroona,-32.83,115.92,61.0,56,1,2.53,1592541352
1106811,MU,Calebasses,-20.11,57.55,73.0,73,75,14.99,1592541352
2069322,AU,Iron Knob,-32.73,137.13,68.0,28,85,14.99,1592541352
3846649,AR,Lomitas,-27.89,-63.87,55.89,58,32,6.69,1592541352
1003790,ZA,Fraaiuitzicht,-28.09,28.20,32.77,95,0,4.83,1592541352
204498,CD,Ukungu,-3.50,23.63,65.44,61,39,1.12,1592541353
2162992,AU,Howqua,-37.23,146.12,59.0,75,81,1.99,1592541353
7780031,ID,Sarampu,-6.36,105.87,85.24,69,100,3.58,1592541353
1641177,ID,Karangsono,-8.23,113.52,83.86,73,53,5.99,1592541353
2144547,AU,Warren Shire,-31.30,147.73,61.74,64,89,10.13,1592541353
2141006,NC,Houaïlou,-21.28,165.62,74.5,69,11,10.31,1592541353
7780074,ID,Tanagara,-6.27,106.10,86.0,79,75,4.7,1592541354
3385883,BR,Uauá,-9.84,-39.48,64.96,94,20,9.78,1592541354
149854,TZ,Sirari,-1.23,34.43,61.61,88,52,3.44,1592541354
3837232,AR,San José del Rincón,-31.60,-60.57,52.0,96,19,4.0,1592541354
3461642,BR,Iacanga,-21.89,-49.02,64.99,68,63,3.0,1592541354
3458651,BR,Lençóis,-12.56,-41.39,66.31,89,44,3.29,1592541354
2164229,AU,Gundy,-32.02,151.00,68.0,51,0,4.0,1592541355
7858209,ID,Liunggunung,-7.03,106.94,76.12,87,100,3.83,1592541355
7921647,ID,Hegarsari,-7.09,107.89,76.77,77,100,4.23,1592541355
3471553,BR,Areiópolis,-22.67,-48.66,64.99,68,87,3.0,1592541355
7333788,ID,Banjar Pangkungtibah Selatan,-8.59,115.09,84.2,74,40,20.8,1592541355
3849298,AR,Laprida,-37.50,-60.75,46.54,70,26,9.95,1592541355
3345497,AO,Uacu Cungo,-11.36,15.12,49.06,68,0,3.47,1592541356
3845344,AR,Macachín,-37.14,-63.67,54.77,40,93,13.6,1592541356
6942842,AR,Bella Italia,-31.27,-61.42,46.99,79,30,4.0,1592541356
2059350,AU,Waitpinga,-35.60,138.53,55.99,78,71,1.01,1592541356
2156233,AU,Mungallala,-26.45,147.53,65.91,55,88,11.79,1592541356
2157288,AU,Moliagul,-36.75,143.67,59.0,82,33,1.99,1592541356
2179466,NZ,Westland District,-43.50,170.00,42.71,72,44,4.25,1592541357
8079009,ID,Tumpakkepuh,-8.29,112.11,82.0,75,51,21.27,1592541357
2059507,AU,Vasse,-33.67,115.25,61.0,56,98,5.19,1592541357
6321029,BR,Santa Cruz Cabrália,-16.28,-39.17,73.4,94,90,13.87,1592541357
1650903,ID,Babana,-2.08,119.20,83.41,79,50,8.32,1592541357
2161202,AU,Knorrit Flat,-31.82,152.08,64.0,70,19,2.62,1592541357
1647224,ID,Cempaka-udik,-6.26,106.89,93.0,70,40,2.91,1592541358
2176088,AU,Berkeley Vale,-33.35,151.43,66.99,71,3,5.01,1592541358
7521912,BR,Consolação,-23.55,-46.66,64.99,63,89,4.7,1592541359
2143875,AU,Whian Whian,-28.63,153.32,64.4,82,75,1.12,1592541359
2169913,AU,Crossley,-38.30,142.33,61.0,70,50,14.18,1592541359
8056509,ID,Sidomukti,-6.62,111.05,88.61,57,97,7.87,1592541359
8071150,ID,Nglaroh,-6.96,111.45,87.55,58,81,6.55,1592541359
6322112,BR,Arujá,-23.38,-46.32,61.0,77,83,3.36,1592541360
2205969,AU,Gymea,-34.03,151.08,66.99,59,20,5.82,1592541121
1965844,ID,Kademangan,-8.21,112.60,81.1,70,49,11.74,1592541360
3893962,CL,Combarbalá,-31.18,-71.00,53.64,39,100,2.68,1592541360
7581814,ID,Grujugan,-7.78,114.01,90.5,50,60,4.76,1592541360
8025826,ID,Sukasenang,-7.17,108.17,77.2,81,100,4.12,1592541360
2157299,AU,Mole Creek,-41.55,146.40,59.0,67,100,1.99,1592541360
8026069,ID,Dawagung,-7.23,108.19,76.51,83,100,3.62,1592541361
876233,AO,Léua,-11.65,20.45,46.22,74,0,5.88,1592541361
2082539,ID,Merauke,-8.47,140.33,82.06,72,82,18.21,1592541361
2163543,AU,Hernani,-30.28,152.40,66.0,68,75,8.05,1592541361
3698176,PE,Chongoyape,-6.64,-79.39,66.47,72,15,1.5,1592541361
2168110,AU,Dungowan,-31.22,151.10,64.4,52,0,6.93,1592541361
2179538,NZ,Wellington,-41.28,174.77,51.8,100,96,25.28,1592541361
7928652,ID,Cikadu,-7.60,108.06,75.02,92,90,6.96,1592541361
7579589,ID,Ringinagung,-8.06,111.93,82.71,74,55,14.36,1592541362
993911,ZA,Jeffreys Bay,-34.05,24.92,51.8,66,0,6.93,1592541362
8071143,ID,Kauman,-6.97,111.41,87.55,59,80,7.36,1592541362
7036586,ID,Sambopinggir,-7.02,112.48,90.52,52,38,2.93,1592541362
3873775,CL,Rancagua,-34.17,-70.74,50.4,62,100,5.95,1592541362
2192779,NZ,Burwood,-43.50,172.70,46.0,93,98,8.05,1592541362
3469994,BR,Biquinhas,-18.78,-45.50,59.49,80,20,3.4,1592541363
201229,KE,Ahero,-0.17,34.92,68.0,77,75,3.02,1592541363
1626936,ID,Singaparna,-7.35,108.11,75.43,86,99,3.51,1592541363
3933981,PE,Orcotuna,-11.97,-75.33,44.35,76,11,1.81,1592541363
7580910,ID,Kalibaru Kulon,-8.29,113.98,75.51,85,87,7.74,1592541363
2160597,AU,Langley Vale,-31.80,152.57,66.0,68,90,8.05,1592541363
3468349,BR,Caculé,-14.50,-42.22,65.73,87,41,5.44,1592541363
3467820,BR,Campo Alegre,-21.97,-52.78,64.35,79,52,4.16,1592541364
3460516,BR,Itupeva,-23.15,-47.06,64.4,68,75,3.36,1592541364
2160130,AU,Limpinwood,-28.30,153.22,70.0,72,75,11.41,1592541364
1090225,YT,Koungou,-12.73,45.20,77.0,73,18,19.46,1592541364
8078595,ID,Drudikrajan,-6.98,112.06,88.7,57,72,4.56,1592541364
2073162,AU,Dardanup,-33.40,115.75,61.0,56,3,2.8,1592541364
3406942,BR,Axixá,-2.84,-44.05,78.8,88,55,3.36,1592541364
2177417,AU,Axedale,-36.80,144.52,59.0,67,95,1.99,1592541365
7774452,BR,Sítio José Góis,-23.53,-50.75,61.18,90,78,2.57,1592541365
2170775,AU,Connewarre,-38.27,144.40,63.0,69,50,5.99,1592541365
8061081,ID,Krajan Tengah Sendangmulyo,-6.85,111.32,88.07,59,89,8.61,1592541365
3392907,BR,Pastos Bons,-6.60,-44.08,68.79,68,0,3.89,1592541365
2176187,AU,Bendigo,-36.77,144.28,59.0,67,96,1.99,1592541365
921746,KM,Kyo,-12.33,44.52,74.05,76,42,18.95,1592541366
7845121,ID,Pasirmalang,-7.26,106.61,80.33,81,100,15.64,1592541366
7874484,BR,Carianos,-27.66,-48.54,68.0,88,24,5.82,1592541366
2073708,AU,Copeville,-34.82,139.83,63.39,38,52,15.35,1592541366
2143906,AU,Wharparilla,-36.13,144.63,60.01,74,55,15.46,1592541366
8045374,ID,Dusundesa,-7.41,108.28,76.26,90,98,3.31,1592541366
3904956,BO,Santa Bárbara,-20.92,-66.05,26.51,66,0,6.98,1592541366
2149253,AU,Gladstone,-31.02,152.93,66.0,69,55,1.01,1592541366
2090567,PG,Momote,-2.07,147.42,84.31,72,10,5.7,1592541367
2175996,AU,Beulah,-35.93,142.43,66.58,42,0,16.91,1592541367
1622090,ID,Wangon,-7.52,109.05,82.89,78,98,10.29,1592541367
1642901,ID,Jakenan,-6.76,111.16,89.6,56,94,8.68,1592541367
7839405,AU,Litchfield,-12.50,131.13,90.0,51,15,1.99,1592541367
934488,MU,Goodlands,-20.04,57.64,73.0,72,93,10.0,1592541367
2152329,AU,Quakers Hill,-33.73,150.88,66.99,59,10,9.17,1592541367
3471377,BR,Assaí,-23.37,-50.84,60.57,94,89,1.7,1592541119
7839649,AU,Barunga West,-33.79,137.92,56.82,62,97,6.13,1592541368
2176796,AU,Barney View,-28.23,152.78,70.0,72,31,4.85,1592541368
3832637,AR,Villa Río Hondo,-27.59,-64.92,54.63,63,9,2.35,1592541368
2145455,AU,Upper Glastonbury,-26.25,152.50,64.99,91,49,4.0,1592541368
7083103,ID,Puring Kulon,-8.15,113.69,84.63,64,55,6.35,1592541368
3449350,BR,São Bento do Sul,-26.25,-49.38,57.99,91,34,18.99,1592541206
7545790,ID,Kampungbaru,-8.50,116.66,84.2,70,75,18.34,1592541369
6690283,RE,Réunion,-21.10,55.60,71.6,73,93,18.34,1592541369
3832631,AR,Villa Rumipal,-32.19,-64.48,53.01,49,99,1.01,1592541369
2161762,AU,Kawungan,-25.30,152.83,69.01,71,8,5.01,1592541369
2143600,AU,Willawarrin,-30.93,152.62,66.0,69,75,1.01,1592541369
7688446,ID,Cinyawang,-7.57,108.77,81.16,86,97,10.22,1592541369
3433708,AR,Grand Bourg,-34.48,-58.73,53.01,87,30,2.24,1592541369
3433293,AR,Juan María Gutiérrez,-34.84,-58.19,55.0,79,48,1.01,1592541370
3856575,AR,El Suncho,-27.21,-64.95,48.2,76,26,5.82,1592541370
7916455,ID,Babakan Sukasari,-7.27,107.88,71.15,88,100,4.25,1592541370
7334365,ID,Banjar Mundeh,-8.58,115.14,84.2,74,40,20.8,1592541370
3460490,BR,Ivatuba,-23.62,-52.22,63.36,90,3,2.68,1592541370
985015,ZA,Ladybrand,-29.19,27.46,29.8,95,0,2.01,1592541370
7085488,ID,Montonggamang,-8.63,116.37,84.2,70,75,18.34,1592541370
1069188,MG,Antsirabato,-15.00,50.33,70.5,92,100,14.81,1592541371
1650554,ID,Balearjo,-8.20,112.57,81.59,69,51,11.77,1592541371
2144470,AU,Watalgan,-24.65,152.03,73.4,53,75,21.92,1592541371
2145614,AU,Tyrendarra East,-38.25,141.90,61.29,60,15,12.64,1592541371
3454606,BR,Pé do Morro,-12.97,-46.93,62.47,76,20,4.7,1592541371
3450842,BR,Rubim,-16.10,-40.40,69.04,93,96,2.62,1592541371
8058430,ID,Parenggan,-6.75,111.04,89.8,55,93,7.83,1592541371
3883214,CL,Limache,-33.02,-71.27,51.01,87,100,3.36,1592541372
7411842,ID,Wengaingo,-9.73,119.35,82.56,69,25,15.77,1592541372
1627858,ID,Semboro Lor,-8.19,113.44,83.59,73,58,7.25,1592541372
7334104,ID,Banjar Badung Tengah,-8.51,115.20,84.2,74,40,20.8,1592541372
3855117,AR,General Enrique Godoy,-39.08,-67.15,51.19,62,84,15.86,1592541372
7932658,AU,North Ipswich,-27.60,152.76,68.0,60,75,11.41,1592541372
1646093,ID,Ciseureuheun,-6.60,105.72,83.32,77,100,9.24,1592541372
2399672,GA,Limbenga,-0.83,12.74,68.22,99,59,1.83,1592541373
2140438,NC,Le Caillou,-20.35,164.43,76.14,64,59,11.27,1592541373
893397,ZW,Chirundu,-16.03,28.85,53.92,88,10,0.81,1592541373
2145948,AU,Tuen,-28.57,145.72,70.93,43,4,12.01,1592541373
8058298,ID,Sambilawang,-6.66,111.10,88.74,57,96,7.29,1592541373
2076777,AU,Benger,-33.17,115.85,61.0,56,1,2.59,1592541363
2168574,AU,Dookie,-36.33,145.70,59.0,66,92,12.68,1592541364
2161466,AU,Kilcunda,-38.55,145.48,66.0,66,71,8.41,1592541374
3465745,BR,Conceição do Mato Dentro,-19.04,-43.42,53.83,93,9,1.12,1592541374
1641958,ID,Kalibaru,-8.29,113.99,75.29,86,89,7.81,1592541374
2147510,AU,Tambo Upper,-37.77,147.85,69.01,47,50,3.74,1592541374
3941584,PE,Cusco,-13.52,-71.98,47.35,75,95,3.49,1592541166
430020,BI,Cibitoke Province,-2.88,29.25,62.82,73,36,2.51,1592541374
2166409,AU,Flowerdale,-37.33,145.33,59.0,86,76,3.0,1592541374
3836564,AR,San Salvador de Jujuy,-24.19,-65.30,53.6,76,1,6.93,1592541375
3844585,AR,Médano de Oro,-31.60,-68.45,56.53,36,50,16.24,1592541375
3466779,BR,Cascavel,-24.96,-53.46,60.94,94,1,7.99,1592541375
3453591,BR,Piranguinho,-22.40,-45.53,53.01,91,67,1.28,1592541375
2062008,AU,Salmon Gums,-32.98,121.63,58.96,60,18,12.66,1592541375
2142780,AU,Wychitella,-36.28,143.62,64.4,54,13,15.99,1592541375
154638,TZ,Matai,-8.30,31.52,53.6,81,5,8.05,1592541375
3359638,NA,Walvis Bay,-22.96,14.51,75.99,26,0,5.99,1592541375
7759829,ID,Sorongan,-6.76,105.75,82.94,81,100,13.38,1592541376
3460172,BR,Jandaia do Sul,-23.60,-51.64,59.32,96,30,5.08,1592541376
8076290,ID,Padangsari,-7.33,108.78,81.77,82,99,4.85,1592541376
7281017,CL,La Pintana,-33.58,-70.63,46.4,87,100,3.36,1592541376
1647048,ID,Cibeber,-7.71,108.20,77.81,88,87,9.71,1592541376
933734,BW,Gweta,-20.18,25.23,46.38,92,0,6.93,1592541376
3455049,BR,Paranhos,-23.89,-55.43,71.56,67,84,8.97,1592541376
